{
    "rmse": 0.6508636387041967,
    "mae": 0.6684397891422743,
    "r2": 0.017184377609990142
}